{"nm":"coin roation","mn":"","layers":[{"ty":4,"nm":"Shape Layer 6","mn":"","sr":1,"st":49,"op":90,"ip":49,"hd":false,"cl":"","ln":"","ddd":0,"bm":0,"tt":0,"hasMask":false,"td":0,"ao":0,"ks":{"a":{"a":0,"k":[-2.234,-150.75,0],"ix":1},"s":{"a":1,"k":[{"o":{"x":0.167,"y":0.167},"i":{"x":0.833,"y":0.833},"s":[0,0,100],"t":49},{"o":{"x":0.167,"y":0.167},"i":{"x":0.833,"y":0.833},"s":[100,100,100],"t":68.5},{"o":{"x":0.167,"y":0.167},"i":{"x":0.833,"y":0.833},"s":[0,0,100],"t":88}],"ix":6},"sk":{"a":0,"k":0},"p":{"a":0,"k":[136.509,359.25,0],"ix":2},"sa":{"a":0,"k":0},"o":{"a":0,"k":100,"ix":11},"r":{"a":1,"k":[{"o":{"x":0.167,"y":0.167},"i":{"x":0.833,"y":0.833},"s":[0],"t":49},{"o":{"x":0.167,"y":0.167},"i":{"x":0.833,"y":0.833},"s":[104],"t":89}],"ix":10}},"ef":[],"shapes":[{"ty":"gr","bm":0,"cl":"","ln":"","hd":false,"mn":"ADBE Vector Group","nm":"Polystar 1","ix":1,"cix":2,"np":3,"it":[{"ty":"sr","bm":0,"cl":"","ln":"","hd":false,"mn":"ADBE Vector Shape - Star","nm":"Polystar Path 1","ix":1,"d":1,"ir":{"a":0,"k":3.559,"ix":6},"is":{"a":0,"k":0,"ix":8},"pt":{"a":0,"k":4,"ix":3},"p":{"a":0,"k":[0,0],"ix":4},"or":{"a":0,"k":17.117,"ix":7},"os":{"a":0,"k":0,"ix":9},"r":{"a":0,"k":0,"ix":5},"sy":1},{"ty":"st","bm":0,"cl":"","ln":"","hd":false,"mn":"ADBE Vector Graphic - Stroke","nm":"Stroke 1","lc":1,"lj":1,"ml":4,"o":{"a":0,"k":100,"ix":4},"w":{"a":0,"k":0,"ix":5},"d":[],"c":{"a":0,"k":[0.6627,0.6627,0.6627],"ix":3}},{"ty":"fl","bm":0,"cl":"","ln":"","hd":false,"mn":"ADBE Vector Graphic - Fill","nm":"Fill 1","c":{"a":0,"k":[1,0.8353,0],"ix":4},"r":1,"o":{"a":0,"k":100,"ix":5}},{"ty":"tr","a":{"a":0,"k":[0,0],"ix":1},"s":{"a":0,"k":[100,100],"ix":3},"sk":{"a":0,"k":0,"ix":4},"p":{"a":0,"k":[-3,-151],"ix":2},"r":{"a":0,"k":0,"ix":6},"sa":{"a":0,"k":0,"ix":5},"o":{"a":0,"k":100,"ix":7}}]}],"ind":0},{"ty":4,"nm":"Shape Layer 5","mn":"","sr":1,"st":35,"op":76,"ip":35,"hd":false,"cl":"","ln":"","ddd":0,"bm":0,"tt":0,"hasMask":false,"td":0,"ao":0,"ks":{"a":{"a":0,"k":[-2.234,-150.75,0],"ix":1},"s":{"a":1,"k":[{"o":{"x":0.167,"y":0.167},"i":{"x":0.833,"y":0.833},"s":[0,0,100],"t":35},{"o":{"x":0.167,"y":0.167},"i":{"x":0.833,"y":0.833},"s":[100,100,100],"t":54.5},{"o":{"x":0.167,"y":0.167},"i":{"x":0.833,"y":0.833},"s":[0,0,100],"t":74}],"ix":6},"sk":{"a":0,"k":0},"p":{"a":0,"k":[338.509,380.25,0],"ix":2},"sa":{"a":0,"k":0},"o":{"a":0,"k":100,"ix":11},"r":{"a":1,"k":[{"o":{"x":0.167,"y":0.167},"i":{"x":0.833,"y":0.833},"s":[0],"t":35},{"o":{"x":0.167,"y":0.167},"i":{"x":0.833,"y":0.833},"s":[104],"t":75}],"ix":10}},"ef":[],"shapes":[{"ty":"gr","bm":0,"cl":"","ln":"","hd":false,"mn":"ADBE Vector Group","nm":"Polystar 1","ix":1,"cix":2,"np":3,"it":[{"ty":"sr","bm":0,"cl":"","ln":"","hd":false,"mn":"ADBE Vector Shape - Star","nm":"Polystar Path 1","ix":1,"d":1,"ir":{"a":0,"k":3.559,"ix":6},"is":{"a":0,"k":0,"ix":8},"pt":{"a":0,"k":4,"ix":3},"p":{"a":0,"k":[0,0],"ix":4},"or":{"a":0,"k":17.117,"ix":7},"os":{"a":0,"k":0,"ix":9},"r":{"a":0,"k":0,"ix":5},"sy":1},{"ty":"st","bm":0,"cl":"","ln":"","hd":false,"mn":"ADBE Vector Graphic - Stroke","nm":"Stroke 1","lc":1,"lj":1,"ml":4,"o":{"a":0,"k":100,"ix":4},"w":{"a":0,"k":0,"ix":5},"d":[],"c":{"a":0,"k":[0.6627,0.6627,0.6627],"ix":3}},{"ty":"fl","bm":0,"cl":"","ln":"","hd":false,"mn":"ADBE Vector Graphic - Fill","nm":"Fill 1","c":{"a":0,"k":[1,0.8353,0],"ix":4},"r":1,"o":{"a":0,"k":100,"ix":5}},{"ty":"tr","a":{"a":0,"k":[0,0],"ix":1},"s":{"a":0,"k":[100,100],"ix":3},"sk":{"a":0,"k":0,"ix":4},"p":{"a":0,"k":[-3,-151],"ix":2},"r":{"a":0,"k":0,"ix":6},"sa":{"a":0,"k":0,"ix":5},"o":{"a":0,"k":100,"ix":7}}]}],"ind":1},{"ty":4,"nm":"Shape Layer 4","mn":"","sr":1,"st":22,"op":63,"ip":22,"hd":false,"cl":"","ln":"","ddd":0,"bm":0,"tt":0,"hasMask":false,"td":0,"ao":0,"ks":{"a":{"a":0,"k":[-2.234,-150.75,0],"ix":1},"s":{"a":1,"k":[{"o":{"x":0.167,"y":0.167},"i":{"x":0.833,"y":0.833},"s":[0,0,100],"t":22},{"o":{"x":0.167,"y":0.167},"i":{"x":0.833,"y":0.833},"s":[100,100,100],"t":41.5},{"o":{"x":0.167,"y":0.167},"i":{"x":0.833,"y":0.833},"s":[0,0,100],"t":61}],"ix":6},"sk":{"a":0,"k":0},"p":{"a":0,"k":[134.509,135.25,0],"ix":2},"sa":{"a":0,"k":0},"o":{"a":0,"k":100,"ix":11},"r":{"a":1,"k":[{"o":{"x":0.167,"y":0.167},"i":{"x":0.833,"y":0.833},"s":[0],"t":22},{"o":{"x":0.167,"y":0.167},"i":{"x":0.833,"y":0.833},"s":[104],"t":62}],"ix":10}},"ef":[],"shapes":[{"ty":"gr","bm":0,"cl":"","ln":"","hd":false,"mn":"ADBE Vector Group","nm":"Polystar 1","ix":1,"cix":2,"np":3,"it":[{"ty":"sr","bm":0,"cl":"","ln":"","hd":false,"mn":"ADBE Vector Shape - Star","nm":"Polystar Path 1","ix":1,"d":1,"ir":{"a":0,"k":3.559,"ix":6},"is":{"a":0,"k":0,"ix":8},"pt":{"a":0,"k":4,"ix":3},"p":{"a":0,"k":[0,0],"ix":4},"or":{"a":0,"k":17.117,"ix":7},"os":{"a":0,"k":0,"ix":9},"r":{"a":0,"k":0,"ix":5},"sy":1},{"ty":"st","bm":0,"cl":"","ln":"","hd":false,"mn":"ADBE Vector Graphic - Stroke","nm":"Stroke 1","lc":1,"lj":1,"ml":4,"o":{"a":0,"k":100,"ix":4},"w":{"a":0,"k":0,"ix":5},"d":[],"c":{"a":0,"k":[0.6627,0.6627,0.6627],"ix":3}},{"ty":"fl","bm":0,"cl":"","ln":"","hd":false,"mn":"ADBE Vector Graphic - Fill","nm":"Fill 1","c":{"a":0,"k":[1,0.8353,0],"ix":4},"r":1,"o":{"a":0,"k":100,"ix":5}},{"ty":"tr","a":{"a":0,"k":[0,0],"ix":1},"s":{"a":0,"k":[100,100],"ix":3},"sk":{"a":0,"k":0,"ix":4},"p":{"a":0,"k":[-3,-151],"ix":2},"r":{"a":0,"k":0,"ix":6},"sa":{"a":0,"k":0,"ix":5},"o":{"a":0,"k":100,"ix":7}}]}],"ind":2},{"ty":4,"nm":"Shape Layer 2","mn":"","sr":1,"st":35,"op":76,"ip":35,"hd":false,"cl":"","ln":"","ddd":0,"bm":0,"tt":0,"hasMask":false,"td":0,"ao":0,"ks":{"a":{"a":0,"k":[-2.234,-150.75,0],"ix":1},"s":{"a":1,"k":[{"o":{"x":0.167,"y":0.167},"i":{"x":0.833,"y":0.833},"s":[0,0,100],"t":35},{"o":{"x":0.167,"y":0.167},"i":{"x":0.833,"y":0.833},"s":[100,100,100],"t":54.5},{"o":{"x":0.167,"y":0.167},"i":{"x":0.833,"y":0.833},"s":[0,0,100],"t":74}],"ix":6},"sk":{"a":0,"k":0},"p":{"a":0,"k":[241.509,339.25,0],"ix":2},"sa":{"a":0,"k":0},"o":{"a":0,"k":100,"ix":11},"r":{"a":1,"k":[{"o":{"x":0.167,"y":0.167},"i":{"x":0.833,"y":0.833},"s":[0],"t":35},{"o":{"x":0.167,"y":0.167},"i":{"x":0.833,"y":0.833},"s":[104],"t":75}],"ix":10}},"ef":[],"shapes":[{"ty":"gr","bm":0,"cl":"","ln":"","hd":false,"mn":"ADBE Vector Group","nm":"Polystar 1","ix":1,"cix":2,"np":3,"it":[{"ty":"sr","bm":0,"cl":"","ln":"","hd":false,"mn":"ADBE Vector Shape - Star","nm":"Polystar Path 1","ix":1,"d":1,"ir":{"a":0,"k":3.559,"ix":6},"is":{"a":0,"k":0,"ix":8},"pt":{"a":0,"k":4,"ix":3},"p":{"a":0,"k":[0,0],"ix":4},"or":{"a":0,"k":17.117,"ix":7},"os":{"a":0,"k":0,"ix":9},"r":{"a":0,"k":0,"ix":5},"sy":1},{"ty":"st","bm":0,"cl":"","ln":"","hd":false,"mn":"ADBE Vector Graphic - Stroke","nm":"Stroke 1","lc":1,"lj":1,"ml":4,"o":{"a":0,"k":100,"ix":4},"w":{"a":0,"k":0,"ix":5},"d":[],"c":{"a":0,"k":[0.6627,0.6627,0.6627],"ix":3}},{"ty":"fl","bm":0,"cl":"","ln":"","hd":false,"mn":"ADBE Vector Graphic - Fill","nm":"Fill 1","c":{"a":0,"k":[1,1,1],"ix":4},"r":1,"o":{"a":0,"k":100,"ix":5}},{"ty":"tr","a":{"a":0,"k":[0,0],"ix":1},"s":{"a":0,"k":[100,100],"ix":3},"sk":{"a":0,"k":0,"ix":4},"p":{"a":0,"k":[-3,-151],"ix":2},"r":{"a":0,"k":0,"ix":6},"sa":{"a":0,"k":0,"ix":5},"o":{"a":0,"k":100,"ix":7}}]}],"ind":3},{"ty":4,"nm":"Shape Layer 3","mn":"","sr":1,"st":8,"op":49,"ip":8,"hd":false,"cl":"","ln":"","ddd":0,"bm":0,"tt":0,"hasMask":false,"td":0,"ao":0,"ks":{"a":{"a":0,"k":[-2.234,-150.75,0],"ix":1},"s":{"a":1,"k":[{"o":{"x":0.167,"y":0.167},"i":{"x":0.833,"y":0.833},"s":[0,0,100],"t":8},{"o":{"x":0.167,"y":0.167},"i":{"x":0.833,"y":0.833},"s":[170,170,100],"t":28},{"o":{"x":0.167,"y":0.167},"i":{"x":0.833,"y":0.833},"s":[0,0,100],"t":47}],"ix":6},"sk":{"a":0,"k":0},"p":{"a":0,"k":[376.509,194.25,0],"ix":2},"sa":{"a":0,"k":0},"o":{"a":0,"k":100,"ix":11},"r":{"a":1,"k":[{"o":{"x":0.167,"y":0.167},"i":{"x":0.833,"y":0.833},"s":[0],"t":8},{"o":{"x":0.167,"y":0.167},"i":{"x":0.833,"y":0.833},"s":[205],"t":49}],"ix":10}},"ef":[],"shapes":[{"ty":"gr","bm":0,"cl":"","ln":"","hd":false,"mn":"ADBE Vector Group","nm":"Polystar 1","ix":1,"cix":2,"np":3,"it":[{"ty":"sr","bm":0,"cl":"","ln":"","hd":false,"mn":"ADBE Vector Shape - Star","nm":"Polystar Path 1","ix":1,"d":1,"ir":{"a":0,"k":3.559,"ix":6},"is":{"a":0,"k":0,"ix":8},"pt":{"a":0,"k":4,"ix":3},"p":{"a":0,"k":[0,0],"ix":4},"or":{"a":0,"k":17.117,"ix":7},"os":{"a":0,"k":0,"ix":9},"r":{"a":0,"k":0,"ix":5},"sy":1},{"ty":"st","bm":0,"cl":"","ln":"","hd":false,"mn":"ADBE Vector Graphic - Stroke","nm":"Stroke 1","lc":1,"lj":1,"ml":4,"o":{"a":0,"k":100,"ix":4},"w":{"a":0,"k":0,"ix":5},"d":[],"c":{"a":0,"k":[0.6627,0.6627,0.6627],"ix":3}},{"ty":"fl","bm":0,"cl":"","ln":"","hd":false,"mn":"ADBE Vector Graphic - Fill","nm":"Fill 1","c":{"a":0,"k":[1,0.8863,0],"ix":4},"r":1,"o":{"a":0,"k":100,"ix":5}},{"ty":"tr","a":{"a":0,"k":[0,0],"ix":1},"s":{"a":0,"k":[100,100],"ix":3},"sk":{"a":0,"k":0,"ix":4},"p":{"a":0,"k":[-3,-151],"ix":2},"r":{"a":0,"k":0,"ix":6},"sa":{"a":0,"k":0,"ix":5},"o":{"a":0,"k":100,"ix":7}}]}],"ind":4},{"ty":4,"nm":"Shape Layer 1","mn":"","sr":1,"st":0,"op":41,"ip":0,"hd":false,"cl":"","ln":"","ddd":0,"bm":0,"tt":0,"hasMask":false,"td":0,"ao":0,"ks":{"a":{"a":0,"k":[-2.234,-150.75,0],"ix":1},"s":{"a":1,"k":[{"o":{"x":0.167,"y":0.167},"i":{"x":0.833,"y":0.833},"s":[0,0,100],"t":0},{"o":{"x":0.167,"y":0.167},"i":{"x":0.833,"y":0.833},"s":[170,170,100],"t":20},{"o":{"x":0.167,"y":0.167},"i":{"x":0.833,"y":0.833},"s":[0,0,100],"t":39}],"ix":6},"sk":{"a":0,"k":0},"p":{"a":0,"k":[242.509,140.25,0],"ix":2},"sa":{"a":0,"k":0},"o":{"a":0,"k":100,"ix":11},"r":{"a":1,"k":[{"o":{"x":0.167,"y":0.167},"i":{"x":0.833,"y":0.833},"s":[0],"t":0},{"o":{"x":0.167,"y":0.167},"i":{"x":0.833,"y":0.833},"s":[205],"t":41}],"ix":10}},"ef":[],"shapes":[{"ty":"gr","bm":0,"cl":"","ln":"","hd":false,"mn":"ADBE Vector Group","nm":"Polystar 1","ix":1,"cix":2,"np":3,"it":[{"ty":"sr","bm":0,"cl":"","ln":"","hd":false,"mn":"ADBE Vector Shape - Star","nm":"Polystar Path 1","ix":1,"d":1,"ir":{"a":0,"k":3.559,"ix":6},"is":{"a":0,"k":0,"ix":8},"pt":{"a":0,"k":4,"ix":3},"p":{"a":0,"k":[0,0],"ix":4},"or":{"a":0,"k":17.117,"ix":7},"os":{"a":0,"k":0,"ix":9},"r":{"a":0,"k":0,"ix":5},"sy":1},{"ty":"st","bm":0,"cl":"","ln":"","hd":false,"mn":"ADBE Vector Graphic - Stroke","nm":"Stroke 1","lc":1,"lj":1,"ml":4,"o":{"a":0,"k":100,"ix":4},"w":{"a":0,"k":0,"ix":5},"d":[],"c":{"a":0,"k":[0.6627,0.6627,0.6627],"ix":3}},{"ty":"fl","bm":0,"cl":"","ln":"","hd":false,"mn":"ADBE Vector Graphic - Fill","nm":"Fill 1","c":{"a":0,"k":[1,1,1],"ix":4},"r":1,"o":{"a":0,"k":100,"ix":5}},{"ty":"tr","a":{"a":0,"k":[0,0],"ix":1},"s":{"a":0,"k":[100,100],"ix":3},"sk":{"a":0,"k":0,"ix":4},"p":{"a":0,"k":[-3,-151],"ix":2},"r":{"a":0,"k":0,"ix":6},"sa":{"a":0,"k":0,"ix":5},"o":{"a":0,"k":100,"ix":7}}]}],"ind":5},{"ty":4,"nm":"LightMask 2","mn":"","sr":1,"st":17,"op":197,"ip":17,"hd":false,"cl":"","ln":"","ddd":0,"bm":0,"tt":0,"hasMask":false,"td":1,"ao":0,"ks":{"a":{"a":0,"k":[0,0,0],"ix":1},"s":{"a":0,"k":[100,100,100],"ix":6},"sk":{"a":0,"k":0},"p":{"a":0,"k":[237,247,0],"ix":2},"sa":{"a":0,"k":0},"o":{"a":0,"k":100,"ix":11},"r":{"a":0,"k":0,"ix":10}},"ef":[],"shapes":[{"ty":"gr","bm":0,"cl":"","ln":"","hd":false,"mn":"ADBE Vector Group","nm":"Group 1","ix":1,"cix":2,"np":2,"it":[{"ty":"sh","bm":0,"cl":"","ln":"","hd":false,"mn":"ADBE Vector Shape - Group","nm":"Path 1","ix":1,"d":1,"ks":{"a":0,"k":{"c":true,"i":[[40.041,0],[0,-40.041],[-40.041,0],[0,40.041]],"o":[[-40.041,0],[0,40.041],[40.041,0],[0,-40.041]],"v":[[3,-79.5],[-69.5,-7],[3,65.5],[75.5,-7]]},"ix":2}},{"ty":"fl","bm":0,"cl":"","ln":"","hd":false,"mn":"ADBE Vector Graphic - Fill","nm":"Fill 1","c":{"a":0,"k":[0.1412,0.0824,0.1529],"ix":4},"r":1,"o":{"a":0,"k":100,"ix":5}},{"ty":"tr","a":{"a":0,"k":[0,0],"ix":1},"s":{"a":0,"k":[100,100],"ix":3},"sk":{"a":0,"k":0,"ix":4},"p":{"a":0,"k":[0,0],"ix":2},"r":{"a":0,"k":0,"ix":6},"sa":{"a":0,"k":0,"ix":5},"o":{"a":0,"k":100,"ix":7}}]},{"ty":"gr","bm":0,"cl":"","ln":"","hd":false,"mn":"ADBE Vector Group","nm":"Group 2","ix":2,"cix":2,"np":3,"it":[{"ty":"sh","bm":0,"cl":"","ln":"","hd":false,"mn":"ADBE Vector Shape - Group","nm":"Path 1","ix":1,"d":1,"ks":{"a":0,"k":{"c":true,"i":[[44.183,0],[0,44.183],[-44.183,0],[0,-44.183]],"o":[[-44.183,0],[0,-44.183],[44.183,0],[0,44.183]],"v":[[3,73],[-77,-7],[3,-87],[83,-7]]},"ix":2}},{"ty":"sh","bm":0,"cl":"","ln":"","hd":false,"mn":"ADBE Vector Shape - Group","nm":"Path 2","ix":2,"d":1,"ks":{"a":0,"k":{"c":true,"i":[[55.228,0],[0,-55.229],[-55.228,0],[0,55.228]],"o":[[-55.228,0],[0,55.228],[55.228,0],[0,-55.229]],"v":[[3,-107],[-97,-7],[3,93],[103,-7]]},"ix":2}},{"ty":"fl","bm":0,"cl":"","ln":"","hd":false,"mn":"ADBE Vector Graphic - Fill","nm":"Fill 1","c":{"a":0,"k":[0.1412,0.0824,0.1529],"ix":4},"r":1,"o":{"a":0,"k":100,"ix":5}},{"ty":"tr","a":{"a":0,"k":[0,0],"ix":1},"s":{"a":0,"k":[100,100],"ix":3},"sk":{"a":0,"k":0,"ix":4},"p":{"a":0,"k":[0,0],"ix":2},"r":{"a":0,"k":0,"ix":6},"sa":{"a":0,"k":0,"ix":5},"o":{"a":0,"k":100,"ix":7}}]}],"ind":6},{"ty":4,"nm":"Light 2","mn":"","sr":1,"st":17,"op":197,"ip":17,"hd":false,"cl":"","ln":"","ddd":0,"bm":0,"tt":1,"hasMask":false,"td":0,"ao":0,"ks":{"a":{"a":0,"k":[202,-7,0],"ix":1},"s":{"a":0,"k":[100,125.989,100],"ix":6},"sk":{"a":0,"k":0},"p":{"a":1,"k":[{"o":{"x":0.3,"y":0},"i":{"x":0.7,"y":1},"s":[120,360,0],"t":107},{"o":{"x":0.167,"y":0.167},"i":{"x":0.833,"y":0.833},"s":[350,130,0],"t":137}],"ix":2},"sa":{"a":0,"k":0},"o":{"a":0,"k":50,"ix":11},"r":{"a":0,"k":-50,"ix":10}},"ef":[],"shapes":[{"ty":"gr","bm":0,"cl":"","ln":"","hd":false,"mn":"ADBE Vector Group","nm":"Group 1","ix":1,"cix":2,"np":2,"it":[{"ty":"sh","bm":0,"cl":"","ln":"","hd":false,"mn":"ADBE Vector Shape - Group","nm":"Path 1","ix":1,"d":1,"ks":{"a":0,"k":{"c":true,"i":[[0,0],[0,0],[0,0],[0,0]],"o":[[0,0],[0,0],[0,0],[0,0]],"v":[[242,93],[162,93],[162,-107],[242,-107]]},"ix":2}},{"ty":"fl","bm":0,"cl":"","ln":"","hd":false,"mn":"ADBE Vector Graphic - Fill","nm":"Fill 1","c":{"a":0,"k":[1,1,1],"ix":4},"r":1,"o":{"a":0,"k":100,"ix":5}},{"ty":"tr","a":{"a":0,"k":[0,0],"ix":1},"s":{"a":0,"k":[100,100],"ix":3},"sk":{"a":0,"k":0,"ix":4},"p":{"a":0,"k":[0,0],"ix":2},"r":{"a":0,"k":0,"ix":6},"sa":{"a":0,"k":0,"ix":5},"o":{"a":0,"k":100,"ix":7}}]}],"ind":7},{"ty":4,"nm":"LightMask","mn":"","sr":1,"st":0,"op":180,"ip":0,"hd":false,"cl":"","ln":"","ddd":0,"bm":0,"tt":0,"hasMask":false,"td":1,"ao":0,"ks":{"a":{"a":0,"k":[0,0,0],"ix":1},"s":{"a":0,"k":[100,100,100],"ix":6},"sk":{"a":0,"k":0},"p":{"a":0,"k":[237,247,0],"ix":2},"sa":{"a":0,"k":0},"o":{"a":0,"k":100,"ix":11},"r":{"a":0,"k":0,"ix":10}},"ef":[],"shapes":[{"ty":"gr","bm":0,"cl":"","ln":"","hd":false,"mn":"ADBE Vector Group","nm":"Group 1","ix":1,"cix":2,"np":2,"it":[{"ty":"sh","bm":0,"cl":"","ln":"","hd":false,"mn":"ADBE Vector Shape - Group","nm":"Path 1","ix":1,"d":1,"ks":{"a":0,"k":{"c":true,"i":[[40.041,0],[0,-40.041],[-40.041,0],[0,40.041]],"o":[[-40.041,0],[0,40.041],[40.041,0],[0,-40.041]],"v":[[3,-79.5],[-69.5,-7],[3,65.5],[75.5,-7]]},"ix":2}},{"ty":"fl","bm":0,"cl":"","ln":"","hd":false,"mn":"ADBE Vector Graphic - Fill","nm":"Fill 1","c":{"a":0,"k":[0.1412,0.0824,0.1529],"ix":4},"r":1,"o":{"a":0,"k":100,"ix":5}},{"ty":"tr","a":{"a":0,"k":[0,0],"ix":1},"s":{"a":0,"k":[100,100],"ix":3},"sk":{"a":0,"k":0,"ix":4},"p":{"a":0,"k":[0,0],"ix":2},"r":{"a":0,"k":0,"ix":6},"sa":{"a":0,"k":0,"ix":5},"o":{"a":0,"k":100,"ix":7}}]},{"ty":"gr","bm":0,"cl":"","ln":"","hd":false,"mn":"ADBE Vector Group","nm":"Group 2","ix":2,"cix":2,"np":3,"it":[{"ty":"sh","bm":0,"cl":"","ln":"","hd":false,"mn":"ADBE Vector Shape - Group","nm":"Path 1","ix":1,"d":1,"ks":{"a":0,"k":{"c":true,"i":[[44.183,0],[0,44.183],[-44.183,0],[0,-44.183]],"o":[[-44.183,0],[0,-44.183],[44.183,0],[0,44.183]],"v":[[3,73],[-77,-7],[3,-87],[83,-7]]},"ix":2}},{"ty":"sh","bm":0,"cl":"","ln":"","hd":false,"mn":"ADBE Vector Shape - Group","nm":"Path 2","ix":2,"d":1,"ks":{"a":0,"k":{"c":true,"i":[[55.228,0],[0,-55.229],[-55.228,0],[0,55.228]],"o":[[-55.228,0],[0,55.228],[55.228,0],[0,-55.229]],"v":[[3,-107],[-97,-7],[3,93],[103,-7]]},"ix":2}},{"ty":"fl","bm":0,"cl":"","ln":"","hd":false,"mn":"ADBE Vector Graphic - Fill","nm":"Fill 1","c":{"a":0,"k":[0.1412,0.0824,0.1529],"ix":4},"r":1,"o":{"a":0,"k":100,"ix":5}},{"ty":"tr","a":{"a":0,"k":[0,0],"ix":1},"s":{"a":0,"k":[100,100],"ix":3},"sk":{"a":0,"k":0,"ix":4},"p":{"a":0,"k":[0,0],"ix":2},"r":{"a":0,"k":0,"ix":6},"sa":{"a":0,"k":0,"ix":5},"o":{"a":0,"k":100,"ix":7}}]}],"ind":8},{"ty":4,"nm":"Light","mn":"","sr":1,"st":0,"op":180,"ip":0,"hd":false,"cl":"","ln":"","ddd":0,"bm":0,"tt":1,"hasMask":false,"td":0,"ao":0,"ks":{"a":{"a":0,"k":[202,-7,0],"ix":1},"s":{"a":0,"k":[100,125.989,100],"ix":6},"sk":{"a":0,"k":0},"p":{"a":1,"k":[{"o":{"x":0.3,"y":0},"i":{"x":0.7,"y":1},"s":[120,360,0],"t":90},{"o":{"x":0.167,"y":0.167},"i":{"x":0.833,"y":0.833},"s":[350,130,0],"t":120}],"ix":2},"sa":{"a":0,"k":0},"o":{"a":0,"k":50,"ix":11},"r":{"a":0,"k":-50,"ix":10}},"ef":[],"shapes":[{"ty":"gr","bm":0,"cl":"","ln":"","hd":false,"mn":"ADBE Vector Group","nm":"Group 1","ix":1,"cix":2,"np":2,"it":[{"ty":"sh","bm":0,"cl":"","ln":"","hd":false,"mn":"ADBE Vector Shape - Group","nm":"Path 1","ix":1,"d":1,"ks":{"a":0,"k":{"c":true,"i":[[0,0],[0,0],[0,0],[0,0]],"o":[[0,0],[0,0],[0,0],[0,0]],"v":[[242,93],[162,93],[162,-107],[242,-107]]},"ix":2}},{"ty":"fl","bm":0,"cl":"","ln":"","hd":false,"mn":"ADBE Vector Graphic - Fill","nm":"Fill 1","c":{"a":0,"k":[1,1,1],"ix":4},"r":1,"o":{"a":0,"k":100,"ix":5}},{"ty":"tr","a":{"a":0,"k":[0,0],"ix":1},"s":{"a":0,"k":[100,100],"ix":3},"sk":{"a":0,"k":0,"ix":4},"p":{"a":0,"k":[0,0],"ix":2},"r":{"a":0,"k":0,"ix":6},"sa":{"a":0,"k":0,"ix":5},"o":{"a":0,"k":100,"ix":7}}]}],"ind":9},{"ty":5,"nm":"â¹","mn":"","sr":1,"st":0,"op":180,"ip":0,"hd":true,"cl":"","ln":"","ddd":1,"bm":0,"tt":0,"hasMask":false,"td":0,"ao":0,"ks":{"a":{"a":0,"k":[0,0,0],"ix":1},"s":{"a":0,"k":[311.866,311.866,311.866],"ix":6},"sk":{"a":0,"k":0},"p":{"a":0,"k":[-0.5,35.5,0],"ix":2},"rz":{"a":0,"k":0,"ix":10},"sa":{"a":0,"k":0},"o":{"a":0,"k":100,"ix":11},"rx":{"a":0,"k":0,"ix":8},"ry":{"a":0,"k":0,"ix":9},"or":{"a":0,"k":[0,0,0],"ix":7}},"ef":[],"t":{"m":{"a":{"a":0,"k":[0,0],"ix":2},"g":1},"p":{},"a":[],"d":{"k":[{"s":{"f":"Konnect-Regular","s":36,"t":"â¹","fc":[1,0.5412,0],"lh":43.2,"tr":0,"j":2,"ca":0},"t":0}]}},"ind":10,"parent":13},{"ty":4,"nm":" 3","mn":"","sr":1,"st":0,"op":180,"ip":0,"hd":false,"cl":"","ln":"","ddd":1,"bm":0,"tt":0,"hasMask":false,"td":0,"ao":0,"ks":{"a":{"a":0,"k":[3,-7,0],"ix":1},"s":{"a":0,"k":[100,100,100],"ix":6},"sk":{"a":0,"k":0},"p":{"a":0,"k":[3,-7,0],"ix":2},"rz":{"a":0,"k":0,"ix":10},"sa":{"a":0,"k":0},"o":{"a":0,"k":100,"ix":11},"rx":{"a":0,"k":0,"ix":8},"ry":{"a":0,"k":0,"ix":9},"or":{"a":0,"k":[0,0,0],"ix":7}},"ef":[],"shapes":[{"ty":"gr","bm":0,"cl":"","ln":"","hd":false,"mn":"ADBE Vector Group","nm":"Group 1","ix":1,"cix":2,"np":2,"it":[{"ty":"sh","bm":0,"cl":"","ln":"","hd":false,"mn":"ADBE Vector Shape - Group","nm":"Path 1","ix":1,"d":1,"ks":{"a":0,"k":{"c":true,"i":[[0,-40.041],[40.041,0],[0,40.041],[-40.041,0]],"o":[[0,40.041],[-40.041,0],[0,-40.041],[40.041,0]],"v":[[75.5,-7],[3,65.5],[-69.5,-7],[3,-79.5]]},"ix":2}},{"ty":"gf","bm":0,"cl":"","ln":"","hd":false,"mn":"ADBE Vector Graphic - G-Fill","nm":"Gradient Fill 1","e":{"a":0,"k":[52.76,47.957],"ix":6},"g":{"p":3,"k":{"a":0,"k":[0,1,0.9176470588235294,0,0.5,1,0.8941176470588236,0,1,1,0.8666666666666667,0],"ix":9}},"t":1,"a":{"a":0,"k":0},"h":{"a":0,"k":0},"s":{"a":0,"k":[-36.176,-68.439],"ix":5},"r":1,"o":{"a":0,"k":100,"ix":10}},{"ty":"tr","a":{"a":0,"k":[0,0],"ix":1},"s":{"a":0,"k":[100,100],"ix":3},"sk":{"a":0,"k":0,"ix":4},"p":{"a":0,"k":[0,0],"ix":2},"r":{"a":0,"k":0,"ix":6},"sa":{"a":0,"k":0,"ix":5},"o":{"a":0,"k":100,"ix":7}}]}],"ind":11,"parent":13},{"ty":4,"nm":" 2","mn":"","sr":1,"st":0,"op":180,"ip":0,"hd":false,"cl":"","ln":"","ddd":1,"bm":0,"tt":0,"hasMask":false,"td":0,"ao":0,"ks":{"a":{"a":0,"k":[3,-7,0],"ix":1},"s":{"a":0,"k":[100,100,100],"ix":6},"sk":{"a":0,"k":0},"p":{"a":0,"k":[3,-7,0],"ix":2},"rz":{"a":0,"k":0,"ix":10},"sa":{"a":0,"k":0},"o":{"a":0,"k":100,"ix":11},"rx":{"a":0,"k":0,"ix":8},"ry":{"a":0,"k":0,"ix":9},"or":{"a":0,"k":[0,0,0],"ix":7}},"ef":[],"shapes":[{"ty":"gr","bm":0,"cl":"","ln":"","hd":false,"mn":"ADBE Vector Group","nm":"Group 1","ix":1,"cix":2,"np":2,"it":[{"ty":"sh","bm":0,"cl":"","ln":"","hd":false,"mn":"ADBE Vector Shape - Group","nm":"Path 1","ix":1,"d":1,"ks":{"a":0,"k":{"c":true,"i":[[0,-44.183],[44.183,0],[0,44.183],[-44.183,0]],"o":[[0,44.183],[-44.183,0],[0,-44.183],[44.183,0]],"v":[[83,-7],[3,73],[-77,-7],[3,-87]]},"ix":2}},{"ty":"fl","bm":0,"cl":"","ln":"","hd":false,"mn":"ADBE Vector Graphic - Fill","nm":"Fill 1","c":{"a":0,"k":[1,0.7373,0],"ix":4},"r":1,"o":{"a":0,"k":100,"ix":5}},{"ty":"tr","a":{"a":0,"k":[0,0],"ix":1},"s":{"a":0,"k":[100,100],"ix":3},"sk":{"a":0,"k":0,"ix":4},"p":{"a":0,"k":[0,0],"ix":2},"r":{"a":0,"k":0,"ix":6},"sa":{"a":0,"k":0,"ix":5},"o":{"a":0,"k":100,"ix":7}}]}],"ind":12,"parent":13},{"ty":4,"nm":"coin","mn":"","sr":1,"st":0,"op":180,"ip":0,"hd":false,"cl":"","ln":"","ddd":1,"bm":0,"tt":0,"hasMask":false,"td":0,"ao":0,"ks":{"a":{"a":0,"k":[3,-7,0],"ix":1},"s":{"a":0,"k":[100,100,100],"ix":6},"sk":{"a":0,"k":0},"p":{"a":1,"k":[{"o":{"x":0.42,"y":0},"i":{"x":0.999,"y":1},"s":[240,240,0],"t":0},{"o":{"x":0.167,"y":0.167},"i":{"x":0.833,"y":0.833},"s":[260,240,0],"t":20},{"o":{"x":0.167,"y":0.167},"i":{"x":0.833,"y":0.833},"s":[221.667,240,0],"t":21},{"o":{"x":0.167,"y":0.167},"i":{"x":0.833,"y":0.833},"s":[240,240,0],"t":32},{"o":{"x":0.167,"y":0.167},"i":{"x":0.833,"y":0.833},"s":[260,240,0],"t":44},{"o":{"x":0.167,"y":0.167},"i":{"x":0.833,"y":0.833},"s":[221.667,240,0],"t":45},{"o":{"x":0.167,"y":0.167},"i":{"x":0.833,"y":0.833},"s":[240,240,0],"t":56},{"o":{"x":0.167,"y":0.167},"i":{"x":0.363,"y":0.974},"s":[260,240,0],"t":68},{"o":{"x":0.157,"y":0.26},"i":{"x":0.636,"y":1},"s":[221.633,240,0],"t":69},{"o":{"x":0.167,"y":0.167},"i":{"x":0.833,"y":0.833},"s":[240,240,0],"t":88}],"ix":2},"rz":{"a":0,"k":0,"ix":10},"sa":{"a":0,"k":0},"o":{"a":0,"k":100,"ix":11},"rx":{"a":0,"k":0,"ix":8},"ry":{"a":1,"k":[{"o":{"x":0.42,"y":0},"i":{"x":0.999,"y":1},"s":[0],"t":0},{"o":{"x":0.167,"y":0.167},"i":{"x":0.833,"y":0.833},"s":[-88.5],"t":20},{"o":{"x":0.167,"y":0.167},"i":{"x":0.833,"y":0.833},"s":[81.125],"t":21},{"o":{"x":0.167,"y":0.167},"i":{"x":0.833,"y":0.833},"s":[0],"t":32},{"o":{"x":0.167,"y":0.167},"i":{"x":0.833,"y":0.833},"s":[-88.3],"t":44},{"o":{"x":0.167,"y":0.167},"i":{"x":0.833,"y":0.833},"s":[81.125],"t":45},{"o":{"x":0.167,"y":0.167},"i":{"x":0.833,"y":0.833},"s":[0],"t":56},{"o":{"x":0.167,"y":0.167},"i":{"x":0.363,"y":1.027},"s":[-88.3],"t":68},{"o":{"x":0.157,"y":0.26},"i":{"x":0.636,"y":1},"s":[81.089],"t":69},{"o":{"x":0.167,"y":0.167},"i":{"x":0.833,"y":0.833},"s":[0],"t":88}],"ix":9},"or":{"a":0,"k":[0,0,0],"ix":7}},"ef":[],"shapes":[{"ty":"gr","bm":0,"cl":"","ln":"","hd":false,"mn":"ADBE Vector Group","nm":"Group 1","ix":1,"cix":2,"np":2,"it":[{"ty":"sh","bm":0,"cl":"","ln":"","hd":false,"mn":"ADBE Vector Shape - Group","nm":"Path 1","ix":1,"d":1,"ks":{"a":0,"k":{"c":true,"i":[[0,-55.228],[55.228,0],[0,55.228],[-55.228,0]],"o":[[0,55.228],[-55.228,0],[0,-55.228],[55.228,0]],"v":[[103,-7],[3,93],[-97,-7],[3,-107]]},"ix":2}},{"ty":"gf","bm":0,"cl":"","ln":"","hd":false,"mn":"ADBE Vector Graphic - G-Fill","nm":"Gradient Fill 1","e":{"a":0,"k":[70.082,67.803],"ix":6},"g":{"p":3,"k":{"a":0,"k":[0,1,0.9176470588235294,0,0.5,1,0.8941176470588236,0,1,1,0.8666666666666667,0],"ix":9}},"t":1,"a":{"a":0,"k":0},"h":{"a":0,"k":0},"s":{"a":0,"k":[-50.07,-91.039],"ix":5},"r":1,"o":{"a":0,"k":100,"ix":10}},{"ty":"tr","a":{"a":0,"k":[0,0],"ix":1},"s":{"a":0,"k":[100,100],"ix":3},"sk":{"a":0,"k":0,"ix":4},"p":{"a":0,"k":[0,0],"ix":2},"r":{"a":0,"k":0,"ix":6},"sa":{"a":0,"k":0,"ix":5},"o":{"a":0,"k":100,"ix":7}}]}],"ind":13},{"ty":4,"nm":"shadow","mn":"","sr":1,"st":0,"op":180,"ip":0,"hd":false,"cl":"","ln":"","ddd":0,"bm":0,"tt":0,"hasMask":false,"td":0,"ao":0,"ks":{"a":{"a":0,"k":[3,-7,0],"ix":1},"s":{"a":0,"k":[100,100,100],"ix":6},"sk":{"a":0,"k":0},"p":{"a":0,"k":[240,240,0],"ix":2},"sa":{"a":0,"k":0},"o":{"a":0,"k":100,"ix":11},"r":{"a":0,"k":0,"ix":10}},"ef":[],"shapes":[{"ty":"gr","bm":0,"cl":"","ln":"","hd":false,"mn":"ADBE Vector Group","nm":"Group 1","ix":1,"cix":2,"np":2,"it":[{"ty":"sh","bm":0,"cl":"","ln":"","hd":false,"mn":"ADBE Vector Shape - Group","nm":"Path 1","ix":1,"d":1,"ks":{"a":1,"k":[{"o":{"x":0.7,"y":0},"i":{"x":0.999,"y":1},"s":[{"c":true,"i":[[0,0],[6.375,0],[0,53.852],[-60,0],[0,0],[0,0]],"o":[[0,0],[-59.125,0],[0,-52.148],[5.5,0],[0,0],[0,0]],"v":[[3,93],[3,93],[-96.812,-7.102],[3,-107],[3,-107],[3,-7.366]]}],"t":0},{"o":{"x":0.167,"y":0.167},"i":{"x":0.833,"y":0.833},"s":[{"c":true,"i":[[0,0],[3.188,0],[0,70.076],[-27.562,0],[0,0],[0,0]],"o":[[0,0],[-27.562,0],[0,-69.924],[2.75,0],[0,0],[0,0]],"v":[[3,93.625],[-12,93.156],[-86.875,-7.076],[-12,-107.625],[3,-107.625],[3,-7.37]]}],"t":13},{"o":{"x":0.167,"y":0.167},"i":{"x":0.833,"y":0.833},"s":[{"c":true,"i":[[0,0],[0.531,0],[0,62.055],[-7.327,0],[0,0],[0,0]],"o":[[0,0],[-7.327,0],[0,-61.945],[0.458,0],[0,0],[0,0]],"v":[[20.19,94.612],[-13.548,94.629],[-32.056,-7.055],[-13.548,-108.629],[20.19,-108.647],[20.19,-7.391]]}],"t":19},{"o":{"x":0.167,"y":0.167},"i":{"x":0.833,"y":0.833},"s":[{"c":true,"i":[[0,0],[0,0],[0,60.051],[0,0],[0,0],[0,0]],"o":[[0,0],[0,0],[0,-59.949],[0,0],[0,0],[0,0]],"v":[[23,94.875],[-17,94.875],[-17,-7.051],[-17,-108.875],[23,-108.875],[23,-7.375]]}],"t":20},{"o":{"x":0.167,"y":0.167},"i":{"x":0.833,"y":0.833},"s":[{"c":true,"i":[[5.312,0],[0,0],[0,60.051],[0,0],[-8.938,0],[0,-69.687]],"o":[[-8.563,0],[0,0],[0,-59.949],[0,0],[5.312,0],[0,70.313]],"v":[[20.813,94.25],[-14.188,94.25],[-14.188,-7.051],[-14.188,-108.25],[20.813,-108.25],[38.312,-7.313]]}],"t":21},{"o":{"x":0.167,"y":0.167},"i":{"x":0.833,"y":0.833},"s":[{"c":true,"i":[[15.142,0],[0,0],[0,60.051],[0,0],[-8.063,0],[0,-69.699]],"o":[[-7.801,0],[0,0],[0,-59.949],[0,0],[15.187,0],[0,70.301]],"v":[[22.551,94.023],[-7.335,94.023],[-7.335,-7.051],[-7.335,-108.023],[22.551,-108.023],[60.028,-7.301]]}],"t":23},{"o":{"x":0.167,"y":0.167},"i":{"x":0.833,"y":0.833},"s":[{"c":true,"i":[[24.972,0],[0,0],[0,60.051],[0,0],[-7.188,0],[0,-69.71]],"o":[[-7.04,0],[0,0],[0,-59.949],[0,0],[25.062,0],[0,70.29]],"v":[[18.179,93.795],[-5.066,93.795],[-5.066,-7.051],[-5.066,-107.795],[18.179,-107.795],[82.022,-7.29]]}],"t":25},{"o":{"x":0.167,"y":0.167},"i":{"x":0.833,"y":0.833},"s":[{"c":true,"i":[[34.801,0],[0,0],[0,60.051],[0,0],[-6.312,0],[0,-64.364]],"o":[[-6.278,0],[0,0],[0,-59.949],[0,0],[34.938,0],[0,65.278]],"v":[[13.806,92.943],[-2.797,92.943],[-2.797,-7.051],[-2.797,-106.943],[13.806,-106.943],[92.944,-7.278]]}],"t":27},{"o":{"x":0.167,"y":0.167},"i":{"x":0.833,"y":0.833},"s":[{"c":true,"i":[[56.625,0],[0,0],[0,60.051],[0,0],[-4.125,0],[0,-51]],"o":[[-4.375,0],[0,0],[0,-59.949],[0,0],[57.125,0],[0,52.75]],"v":[[2.875,93],[2.875,93],[2.875,-7.051],[2.875,-107],[2.875,-107],[102.75,-7.25]]}],"t":32},{"o":{"x":0.167,"y":0.167},"i":{"x":0.833,"y":0.833},"s":[{"c":true,"i":[[0,0],[5.844,0],[0,54.368],[-55,0],[0,0],[0,0]],"o":[[0,0],[-54.198,0],[0,-52.798],[5.042,0],[0,0],[0,0]],"v":[[4.667,93.156],[1.333,93.156],[-90.161,-7.097],[1.333,-107.156],[4.667,-107.156],[4.667,-7.367]]}],"t":33},{"o":{"x":0.167,"y":0.167},"i":{"x":0.833,"y":0.833},"s":[{"c":true,"i":[[0,0],[3.719,0],[0,62.83],[-32.667,0],[0,0],[0,0]],"o":[[0,0],[-32.667,0],[0,-61.42],[3.208,0],[0,0],[0,0]],"v":[[3.333,93.037],[-10.333,93.156],[-88.557,-7.08],[-10.333,-107.156],[3.333,-107.276],[3.333,-7.489]]}],"t":37},{"o":{"x":0.167,"y":0.167},"i":{"x":0.833,"y":0.833},"s":[{"c":true,"i":[[0,0],[2.656,0],[0,70.072],[-23.333,0],[0,0],[0,0]],"o":[[0,0],[-23.333,0],[0,-69.928],[2.292,0],[0,0],[0,0]],"v":[[8.952,93.562],[-12.238,93.647],[-75.612,-7.072],[-12.238,-107.647],[8.952,-107.733],[8.952,-7.457]]}],"t":39},{"o":{"x":0.167,"y":0.167},"i":{"x":0.833,"y":0.833},"s":[{"c":true,"i":[[0,0],[1.594,0],[0,66.064],[-14,0],[0,0],[0,0]],"o":[[0,0],[-14,0],[0,-65.936],[1.375,0],[0,0],[0,0]],"v":[[14.571,94.087],[-14.143,94.138],[-54.667,-7.064],[-14.143,-108.138],[14.571,-108.19],[14.571,-7.424]]}],"t":41},{"o":{"x":0.167,"y":0.167},"i":{"x":0.833,"y":0.833},"s":[{"c":true,"i":[[0,0],[0.531,0],[0,62.055],[-7.327,0],[0,0],[0,0]],"o":[[0,0],[-7.327,0],[0,-61.945],[0.458,0],[0,0],[0,0]],"v":[[20.19,94.612],[-13.548,94.629],[-32.056,-7.055],[-13.548,-108.629],[20.19,-108.647],[20.19,-7.391]]}],"t":43},{"o":{"x":0.167,"y":0.167},"i":{"x":0.833,"y":0.833},"s":[{"c":true,"i":[[0,0],[0,0],[0,60.051],[0,0],[0,0],[0,0]],"o":[[0,0],[0,0],[0,-59.949],[0,0],[0,0],[0,0]],"v":[[23,94.875],[-17,94.875],[-17,-7.051],[-17,-108.875],[23,-108.875],[23,-7.375]]}],"t":44},{"o":{"x":0.167,"y":0.167},"i":{"x":0.833,"y":0.833},"s":[{"c":true,"i":[[5.312,0],[0,0],[0,60.051],[0,0],[-8.938,0],[0,-69.687]],"o":[[-8.563,0],[0,0],[0,-59.949],[0,0],[5.312,0],[0,70.313]],"v":[[20.813,94.25],[-14.188,94.25],[-14.188,-7.051],[-14.188,-108.25],[20.813,-108.25],[38.312,-7.313]]}],"t":45},{"o":{"x":0.167,"y":0.167},"i":{"x":0.833,"y":0.833},"s":[{"c":true,"i":[[15.142,0],[0,0],[0,60.051],[0,0],[-8.063,0],[0,-69.699]],"o":[[-7.801,0],[0,0],[0,-59.949],[0,0],[15.187,0],[0,70.301]],"v":[[22.551,94.023],[-7.335,94.023],[-7.335,-7.051],[-7.335,-108.023],[22.551,-108.023],[60.028,-7.301]]}],"t":47},{"o":{"x":0.167,"y":0.167},"i":{"x":0.833,"y":0.833},"s":[{"c":true,"i":[[24.972,0],[0,0],[0,60.051],[0,0],[-7.188,0],[0,-69.71]],"o":[[-7.04,0],[0,0],[0,-59.949],[0,0],[25.062,0],[0,70.29]],"v":[[18.179,93.795],[-5.066,93.795],[-5.066,-7.051],[-5.066,-107.795],[18.179,-107.795],[82.022,-7.29]]}],"t":49},{"o":{"x":0.167,"y":0.167},"i":{"x":0.833,"y":0.833},"s":[{"c":true,"i":[[34.801,0],[0,0],[0,60.051],[0,0],[-6.312,0],[0,-64.364]],"o":[[-6.278,0],[0,0],[0,-59.949],[0,0],[34.938,0],[0,65.278]],"v":[[13.806,92.943],[-2.797,92.943],[-2.797,-7.051],[-2.797,-106.943],[13.806,-106.943],[92.944,-7.278]]}],"t":51},{"o":{"x":0.167,"y":0.167},"i":{"x":0.833,"y":0.833},"s":[{"c":true,"i":[[56.625,0],[0,0],[0,60.051],[0,0],[-4.125,0],[0,-51]],"o":[[-4.375,0],[0,0],[0,-59.949],[0,0],[57.125,0],[0,52.75]],"v":[[2.875,93],[2.875,93],[2.875,-7.051],[2.875,-107],[2.875,-107],[102.75,-7.25]]}],"t":56},{"o":{"x":0.167,"y":0.167},"i":{"x":0.833,"y":0.833},"s":[{"c":true,"i":[[0,0],[5.844,0],[0,54.368],[-55,0],[0,0],[0,0]],"o":[[0,0],[-54.198,0],[0,-52.798],[5.042,0],[0,0],[0,0]],"v":[[4.667,93.156],[1.333,93.156],[-90.161,-7.097],[1.333,-107.156],[4.667,-107.156],[4.667,-7.367]]}],"t":57},{"o":{"x":0.167,"y":0.167},"i":{"x":0.833,"y":0.833},"s":[{"c":true,"i":[[0,0],[3.719,0],[0,62.83],[-32.667,0],[0,0],[0,0]],"o":[[0,0],[-32.667,0],[0,-61.42],[3.208,0],[0,0],[0,0]],"v":[[3.333,93.037],[-10.333,93.156],[-88.557,-7.08],[-10.333,-107.156],[3.333,-107.276],[3.333,-7.489]]}],"t":61},{"o":{"x":0.167,"y":0.167},"i":{"x":0.833,"y":0.833},"s":[{"c":true,"i":[[0,0],[2.656,0],[0,70.072],[-23.333,0],[0,0],[0,0]],"o":[[0,0],[-23.333,0],[0,-69.928],[2.292,0],[0,0],[0,0]],"v":[[8.952,93.562],[-12.238,93.647],[-75.612,-7.072],[-12.238,-107.647],[8.952,-107.733],[8.952,-7.457]]}],"t":63},{"o":{"x":0.167,"y":0.167},"i":{"x":0.833,"y":0.833},"s":[{"c":true,"i":[[0,0],[1.594,0],[0,66.064],[-14,0],[0,0],[0,0]],"o":[[0,0],[-14,0],[0,-65.936],[1.375,0],[0,0],[0,0]],"v":[[14.571,94.087],[-14.143,94.138],[-54.667,-7.064],[-14.143,-108.138],[14.571,-108.19],[14.571,-7.424]]}],"t":65},{"o":{"x":0.167,"y":0.167},"i":{"x":0.833,"y":0.833},"s":[{"c":true,"i":[[0,0],[0.531,0],[0,62.055],[-7.327,0],[0,0],[0,0]],"o":[[0,0],[-7.327,0],[0,-61.945],[0.458,0],[0,0],[0,0]],"v":[[20.19,94.612],[-13.548,94.629],[-32.056,-7.055],[-13.548,-108.629],[20.19,-108.647],[20.19,-7.391]]}],"t":67},{"o":{"x":0.167,"y":0.167},"i":{"x":0.833,"y":0.833},"s":[{"c":true,"i":[[0,0],[0,0],[0,60.051],[0,0],[0,0],[0,0]],"o":[[0,0],[0,0],[0,-59.949],[0,0],[0,0],[0,0]],"v":[[23,94.875],[-17,94.875],[-17,-7.051],[-17,-108.875],[23,-108.875],[23,-7.375]]}],"t":68},{"o":{"x":0.167,"y":0.167},"i":{"x":0.667,"y":1},"s":[{"c":true,"i":[[6.875,0],[0,0],[0,60.051],[0,0],[-5.875,0],[0,-77]],"o":[[-11.458,0],[0,0],[0,-59.949],[0,0],[6.875,0],[0,77.25]],"v":[[18.625,94.25],[-13.25,94.25],[-13.25,-7.051],[-13.25,-108.25],[18.625,-108.25],[37.375,-7.25]]}],"t":69},{"o":{"x":0.001,"y":0},"i":{"x":0.3,"y":1},"s":[{"c":true,"i":[[28,0],[0,0],[0,60.051],[0,0],[-1.768,0],[0,-69.75]],"o":[[-1.875,0],[0,0],[0,-59.949],[0,0],[28,0],[0,70.25]],"v":[[20.5,92.5],[3.232,92.503],[3.232,-7.102],[3.232,-106.604],[20.5,-106.607],[97.893,-7.25]]}],"t":76},{"o":{"x":0.167,"y":0.167},"i":{"x":0.833,"y":0.833},"s":[{"c":true,"i":[[56.625,0],[0,0],[0,60.051],[0,0],[-4.125,0],[0,-51]],"o":[[-4.375,0],[0,0],[0,-59.949],[0,0],[57.125,0],[0,52.75]],"v":[[2.875,93],[2.875,93],[2.875,-7.051],[2.875,-107],[2.875,-107],[102.75,-7.25]]}],"t":88}],"ix":2}},{"ty":"fl","bm":0,"cl":"","ln":"","hd":false,"mn":"ADBE Vector Graphic - Fill","nm":"Fill 1","c":{"a":0,"k":[1,0.6235,0],"ix":4},"r":1,"o":{"a":0,"k":100,"ix":5}},{"ty":"tr","a":{"a":0,"k":[0,0],"ix":1},"s":{"a":0,"k":[100,100],"ix":3},"sk":{"a":0,"k":0,"ix":4},"p":{"a":0,"k":[0,0],"ix":2},"r":{"a":0,"k":0,"ix":6},"sa":{"a":0,"k":0,"ix":5},"o":{"a":0,"k":100,"ix":7}}]}],"ind":14}],"ddd":1,"h":480,"w":480,"meta":{"a":"","k":"","d":"","g":"LottieFiles AE ","tc":"#ffffff"},"v":"4.8.0","fr":60,"op":153,"ip":0,"fonts":{"list":[{"ascent":71.9985961914062,"fClass":"","fFamily":"Konnect","fName":"Konnect-Regular","fStyle":"Regular","fPath":"","fWeight":"","origin":0}]},"chars":[{"ch":"â¹","fFamily":"Konnect","size":36,"style":"Regular","w":56.1,"data":{"shapes":[{"ty":"gr","bm":0,"cl":"","ln":"","hd":false,"mn":"ADBE Vector Group","nm":"â¹","ix":1,"cix":2,"np":3,"it":[{"ty":"sh","bm":0,"cl":"","ln":"","hd":false,"mn":"ADBE Vector Shape - Group","nm":"â¹","ix":1,"d":1,"ks":{"a":0,"k":{"c":true,"i":[[1.813,2.115],[0,0],[0,0],[0,0],[0,0],[0,0],[-2.216,-3.827],[0,0],[0,0],[0,0],[7.251,0],[0,0],[0,0],[0,0],[0,0],[0,0],[0,0],[-0.101,12.186],[0,0],[0,0],[0,0]],"o":[[0,0],[0,0],[0,0],[0,0],[0,0],[4.733,0],[0,0],[0,0],[0,0],[0,7.452],[0,0],[0,0],[0,0],[0,0],[0,0],[0,0],[12.286,0],[0,0],[0,0],[0,0],[-0.906,-2.719]],"v":[[40.485,-62.338],[50.958,-62.338],[53.677,-69.489],[7.251,-69.489],[7.251,-61.23],[23.465,-61.23],[34.442,-55.087],[7.251,-55.087],[7.251,-47.937],[36.255,-47.937],[23.465,-34.946],[7.251,-34.946],[7.251,-27.09],[35.046,0],[47.333,0],[20.142,-26.587],[24.069,-26.587],[45.721,-47.937],[50.958,-47.937],[53.677,-55.087],[44.614,-55.087]]},"ix":2}}]}]}}],"assets":[]}